1,1486368121109,2017-02-06-4-02-01p.m.,91.0
2,1486368121284,2017-02-06-4-02-01p.m.,92.0
3,1486368121470,2017-02-06-4-02-01p.m.,92.0
4,1486368121647,2017-02-06-4-02-01p.m.,91.0
5,1486368121824,2017-02-06-4-02-01p.m.,91.0
6,1486368122006,2017-02-06-4-02-02p.m.,92.0
7,1486368122185,2017-02-06-4-02-02p.m.,91.0
8,1486368122366,2017-02-06-4-02-02p.m.,83.0
9,1486368122545,2017-02-06-4-02-02p.m.,90.0
10,1486368122723,2017-02-06-4-02-02p.m.,90.0
11,1486368122903,2017-02-06-4-02-02p.m.,90.0
12,1486368123083,2017-02-06-4-02-03p.m.,90.0
13,1486368123264,2017-02-06-4-02-03p.m.,92.0
14,1486368123445,2017-02-06-4-02-03p.m.,90.0
15,1486368123623,2017-02-06-4-02-03p.m.,89.0
16,1486368123804,2017-02-06-4-02-03p.m.,90.0
17,1486368123985,2017-02-06-4-02-03p.m.,91.0
18,1486368124164,2017-02-06-4-02-04p.m.,92.0
19,1486368124344,2017-02-06-4-02-04p.m.,90.0
20,1486368124524,2017-02-06-4-02-04p.m.,87.0
21,1486368124704,2017-02-06-4-02-04p.m.,85.0
22,1486368124885,2017-02-06-4-02-04p.m.,89.0
23,1486368125064,2017-02-06-4-02-05p.m.,90.0
24,1486368125244,2017-02-06-4-02-05p.m.,88.0
25,1486368125423,2017-02-06-4-02-05p.m.,90.0
26,1486368125608,2017-02-06-4-02-05p.m.,90.0
27,1486368125784,2017-02-06-4-02-05p.m.,90.0
28,1486368125966,2017-02-06-4-02-05p.m.,90.0
29,1486368126146,2017-02-06-4-02-06p.m.,88.0
30,1486368126326,2017-02-06-4-02-06p.m.,88.0
31,1486368126506,2017-02-06-4-02-06p.m.,86.0
32,1486368126685,2017-02-06-4-02-06p.m.,88.0
33,1486368126864,2017-02-06-4-02-06p.m.,89.0
34,1486368127046,2017-02-06-4-02-07p.m.,85.0
35,1486368127223,2017-02-06-4-02-07p.m.,84.0
36,1486368127403,2017-02-06-4-02-07p.m.,79.0
37,1486368127583,2017-02-06-4-02-07p.m.,88.0
38,1486368127777,2017-02-06-4-02-07p.m.,89.0
39,1486368127961,2017-02-06-4-02-07p.m.,89.0
40,1486368128126,2017-02-06-4-02-08p.m.,88.0
41,1486368128324,2017-02-06-4-02-08p.m.,83.0
42,1486368128490,2017-02-06-4-02-08p.m.,84.0
43,1486368128663,2017-02-06-4-02-08p.m.,88.0
44,1486368128846,2017-02-06-4-02-08p.m.,89.0
45,1486368129035,2017-02-06-4-02-09p.m.,89.0
46,1486368129203,2017-02-06-4-02-09p.m.,86.0
47,1486368129391,2017-02-06-4-02-09p.m.,89.0
48,1486368129567,2017-02-06-4-02-09p.m.,89.0
49,1486368129747,2017-02-06-4-02-09p.m.,88.0
50,1486368129926,2017-02-06-4-02-09p.m.,89.0
51,1486368130107,2017-02-06-4-02-10p.m.,88.0
52,1486368130286,2017-02-06-4-02-10p.m.,89.0
53,1486368130466,2017-02-06-4-02-10p.m.,90.0
54,1486368130646,2017-02-06-4-02-10p.m.,89.0
55,1486368130827,2017-02-06-4-02-10p.m.,89.0
56,1486368131007,2017-02-06-4-02-11p.m.,91.0
57,1486368131186,2017-02-06-4-02-11p.m.,93.0
58,1486368131368,2017-02-06-4-02-11p.m.,91.0
59,1486368131543,2017-02-06-4-02-11p.m.,97.0
60,1486368131724,2017-02-06-4-02-11p.m.,96.0
61,1486368131904,2017-02-06-4-02-11p.m.,95.0
62,1486368132084,2017-02-06-4-02-12p.m.,94.0
63,1486368132264,2017-02-06-4-02-12p.m.,91.0
64,1486368132444,2017-02-06-4-02-12p.m.,93.0
65,1486368132624,2017-02-06-4-02-12p.m.,94.0
66,1486368132805,2017-02-06-4-02-12p.m.,95.0
67,1486368132984,2017-02-06-4-02-12p.m.,92.0
68,1486368133164,2017-02-06-4-02-13p.m.,93.0
69,1486368133344,2017-02-06-4-02-13p.m.,93.0
70,1486368133523,2017-02-06-4-02-13p.m.,93.0
71,1486368133704,2017-02-06-4-02-13p.m.,95.0
72,1486368133884,2017-02-06-4-02-13p.m.,95.0
73,1486368134065,2017-02-06-4-02-14p.m.,90.0
74,1486368134244,2017-02-06-4-02-14p.m.,84.0
75,1486368134424,2017-02-06-4-02-14p.m.,91.0
76,1486368134604,2017-02-06-4-02-14p.m.,88.0
77,1486368134783,2017-02-06-4-02-14p.m.,96.0
78,1486368134964,2017-02-06-4-02-14p.m.,90.0
79,1486368135145,2017-02-06-4-02-15p.m.,77.0
80,1486368135324,2017-02-06-4-02-15p.m.,62.0
81,1486368135503,2017-02-06-4-02-15p.m.,76.0
82,1486368135683,2017-02-06-4-02-15p.m.,30.0
83,1486368135866,2017-02-06-4-02-15p.m.,17.0
84,1486368136045,2017-02-06-4-02-16p.m.,41.0
85,1486368136225,2017-02-06-4-02-16p.m.,48.0
86,1486368136404,2017-02-06-4-02-16p.m.,53.0
87,1486368136584,2017-02-06-4-02-16p.m.,41.0
88,1486368136765,2017-02-06-4-02-16p.m.,35.0
89,1486368136943,2017-02-06-4-02-16p.m.,37.0
90,1486368137123,2017-02-06-4-02-17p.m.,39.0
91,1486368137304,2017-02-06-4-02-17p.m.,48.0
92,1486368137483,2017-02-06-4-02-17p.m.,49.0
93,1486368137664,2017-02-06-4-02-17p.m.,39.0
94,1486368137844,2017-02-06-4-02-17p.m.,24.0
95,1486368138024,2017-02-06-4-02-18p.m.,10.0
96,1486368138204,2017-02-06-4-02-18p.m.,4.0
97,1486368138383,2017-02-06-4-02-18p.m.,4.0
98,1486368138566,2017-02-06-4-02-18p.m.,4.0
99,1486368138748,2017-02-06-4-02-18p.m.,4.0
100,1486368138924,2017-02-06-4-02-18p.m.,4.0
101,1486368139108,2017-02-06-4-02-19p.m.,4.0
102,1486368139287,2017-02-06-4-02-19p.m.,4.0
103,1486368139466,2017-02-06-4-02-19p.m.,4.0
104,1486368139647,2017-02-06-4-02-19p.m.,4.0
105,1486368139826,2017-02-06-4-02-19p.m.,4.0
106,1486368140004,2017-02-06-4-02-20p.m.,3.0
107,1486368140186,2017-02-06-4-02-20p.m.,3.0
108,1486368140366,2017-02-06-4-02-20p.m.,5.0
109,1486368140546,2017-02-06-4-02-20p.m.,4.0
110,1486368140726,2017-02-06-4-02-20p.m.,4.0
111,1486368140907,2017-02-06-4-02-20p.m.,4.0
112,1486368141087,2017-02-06-4-02-21p.m.,4.0
113,1486368141266,2017-02-06-4-02-21p.m.,4.0
114,1486368141445,2017-02-06-4-02-21p.m.,4.0
115,1486368141626,2017-02-06-4-02-21p.m.,4.0
116,1486368141807,2017-02-06-4-02-21p.m.,5.0
117,1486368141987,2017-02-06-4-02-21p.m.,9.0
118,1486368142167,2017-02-06-4-02-22p.m.,13.0
119,1486368142347,2017-02-06-4-02-22p.m.,18.0
120,1486368142526,2017-02-06-4-02-22p.m.,25.0
121,1486368142708,2017-02-06-4-02-22p.m.,40.0
122,1486368142887,2017-02-06-4-02-22p.m.,39.0
123,1486368143069,2017-02-06-4-02-23p.m.,34.0
124,1486368143246,2017-02-06-4-02-23p.m.,25.0
125,1486368143427,2017-02-06-4-02-23p.m.,30.0
126,1486368143604,2017-02-06-4-02-23p.m.,27.0
127,1486368143784,2017-02-06-4-02-23p.m.,39.0
128,1486368143964,2017-02-06-4-02-23p.m.,31.0
129,1486368144147,2017-02-06-4-02-24p.m.,29.0
130,1486368144327,2017-02-06-4-02-24p.m.,19.0
131,1486368144506,2017-02-06-4-02-24p.m.,39.0
132,1486368144687,2017-02-06-4-02-24p.m.,14.0
133,1486368144867,2017-02-06-4-02-24p.m.,18.0
134,1486368145044,2017-02-06-4-02-25p.m.,4.0
135,1486368145227,2017-02-06-4-02-25p.m.,2.0
136,1486368145408,2017-02-06-4-02-25p.m.,4.0
137,1486368145588,2017-02-06-4-02-25p.m.,6.0
138,1486368145766,2017-02-06-4-02-25p.m.,2.0
139,1486368145946,2017-02-06-4-02-25p.m.,2.0
140,1486368146127,2017-02-06-4-02-26p.m.,2.0
141,1486368146307,2017-02-06-4-02-26p.m.,2.0
142,1486368146487,2017-02-06-4-02-26p.m.,2.0
143,1486368146664,2017-02-06-4-02-26p.m.,3.0
144,1486368146846,2017-02-06-4-02-26p.m.,1.0
145,1486368147026,2017-02-06-4-02-27p.m.,1.0
146,1486368147207,2017-02-06-4-02-27p.m.,1.0
147,1486368147386,2017-02-06-4-02-27p.m.,1.0
148,1486368147566,2017-02-06-4-02-27p.m.,2.0
149,1486368147746,2017-02-06-4-02-27p.m.,5.0
150,1486368147927,2017-02-06-4-02-27p.m.,8.0
151,1486368148107,2017-02-06-4-02-28p.m.,8.0
152,1486368148286,2017-02-06-4-02-28p.m.,10.0
153,1486368148465,2017-02-06-4-02-28p.m.,10.0
154,1486368148646,2017-02-06-4-02-28p.m.,10.0
155,1486368148826,2017-02-06-4-02-28p.m.,10.0
156,1486368149006,2017-02-06-4-02-29p.m.,10.0
157,1486368149187,2017-02-06-4-02-29p.m.,10.0
158,1486368149367,2017-02-06-4-02-29p.m.,10.0
159,1486368149546,2017-02-06-4-02-29p.m.,10.0
160,1486368149727,2017-02-06-4-02-29p.m.,10.0
161,1486368149908,2017-02-06-4-02-29p.m.,10.0
162,1486368150087,2017-02-06-4-02-30p.m.,10.0
163,1486368150267,2017-02-06-4-02-30p.m.,10.0
164,1486368150447,2017-02-06-4-02-30p.m.,10.0
165,1486368150626,2017-02-06-4-02-30p.m.,10.0
166,1486368150807,2017-02-06-4-02-30p.m.,10.0
167,1486368150988,2017-02-06-4-02-30p.m.,10.0
168,1486368151169,2017-02-06-4-02-31p.m.,10.0
169,1486368151348,2017-02-06-4-02-31p.m.,10.0
170,1486368151527,2017-02-06-4-02-31p.m.,10.0
171,1486368151706,2017-02-06-4-02-31p.m.,10.0
172,1486368151887,2017-02-06-4-02-31p.m.,10.0
173,1486368152068,2017-02-06-4-02-32p.m.,10.0
174,1486368152247,2017-02-06-4-02-32p.m.,10.0
175,1486368152426,2017-02-06-4-02-32p.m.,10.0
176,1486368152606,2017-02-06-4-02-32p.m.,10.0
177,1486368152788,2017-02-06-4-02-32p.m.,10.0
178,1486368152966,2017-02-06-4-02-32p.m.,10.0
179,1486368153148,2017-02-06-4-02-33p.m.,10.0
180,1486368153327,2017-02-06-4-02-33p.m.,9.0
181,1486368153507,2017-02-06-4-02-33p.m.,10.0
182,1486368153687,2017-02-06-4-02-33p.m.,10.0
183,1486368153867,2017-02-06-4-02-33p.m.,10.0
184,1486368154047,2017-02-06-4-02-34p.m.,10.0
185,1486368154228,2017-02-06-4-02-34p.m.,10.0
186,1486368154408,2017-02-06-4-02-34p.m.,10.0
187,1486368154587,2017-02-06-4-02-34p.m.,10.0
188,1486368154767,2017-02-06-4-02-34p.m.,10.0
189,1486368154948,2017-02-06-4-02-34p.m.,10.0
190,1486368155129,2017-02-06-4-02-35p.m.,10.0
191,1486368155307,2017-02-06-4-02-35p.m.,10.0
192,1486368155484,2017-02-06-4-02-35p.m.,10.0
193,1486368155665,2017-02-06-4-02-35p.m.,10.0
194,1486368155848,2017-02-06-4-02-35p.m.,10.0
195,1486368156028,2017-02-06-4-02-36p.m.,10.0
196,1486368156206,2017-02-06-4-02-36p.m.,10.0
197,1486368156388,2017-02-06-4-02-36p.m.,10.0
198,1486368156568,2017-02-06-4-02-36p.m.,10.0
199,1486368156744,2017-02-06-4-02-36p.m.,10.0
200,1486368156925,2017-02-06-4-02-36p.m.,10.0
201,1486368157107,2017-02-06-4-02-37p.m.,9.0
202,1486368157288,2017-02-06-4-02-37p.m.,10.0
203,1486368157466,2017-02-06-4-02-37p.m.,10.0
204,1486368157647,2017-02-06-4-02-37p.m.,10.0
205,1486368157827,2017-02-06-4-02-37p.m.,10.0
206,1486368158008,2017-02-06-4-02-38p.m.,10.0
207,1486368158187,2017-02-06-4-02-38p.m.,8.0
208,1486368158367,2017-02-06-4-02-38p.m.,8.0
209,1486368158547,2017-02-06-4-02-38p.m.,8.0
210,1486368158726,2017-02-06-4-02-38p.m.,8.0
211,1486368158907,2017-02-06-4-02-38p.m.,8.0
212,1486368159087,2017-02-06-4-02-39p.m.,8.0
213,1486368159266,2017-02-06-4-02-39p.m.,8.0
214,1486368159447,2017-02-06-4-02-39p.m.,8.0
215,1486368159628,2017-02-06-4-02-39p.m.,8.0
216,1486368159806,2017-02-06-4-02-39p.m.,8.0
217,1486368159987,2017-02-06-4-02-39p.m.,8.0
218,1486368160167,2017-02-06-4-02-40p.m.,8.0
219,1486368160346,2017-02-06-4-02-40p.m.,10.0
220,1486368160526,2017-02-06-4-02-40p.m.,8.0
221,1486368160707,2017-02-06-4-02-40p.m.,8.0
222,1486368160886,2017-02-06-4-02-40p.m.,8.0
223,1486368161068,2017-02-06-4-02-41p.m.,8.0
224,1486368161247,2017-02-06-4-02-41p.m.,10.0
225,1486368161427,2017-02-06-4-02-41p.m.,19.0
226,1486368161607,2017-02-06-4-02-41p.m.,6.0
227,1486368161788,2017-02-06-4-02-41p.m.,6.0
228,1486368161966,2017-02-06-4-02-41p.m.,6.0
229,1486368162146,2017-02-06-4-02-42p.m.,10.0
230,1486368162327,2017-02-06-4-02-42p.m.,11.0
231,1486368162508,2017-02-06-4-02-42p.m.,10.0
232,1486368162685,2017-02-06-4-02-42p.m.,11.0
233,1486368162864,2017-02-06-4-02-42p.m.,10.0
234,1486368163047,2017-02-06-4-02-43p.m.,10.0
235,1486368163228,2017-02-06-4-02-43p.m.,10.0
236,1486368163408,2017-02-06-4-02-43p.m.,10.0
237,1486368163587,2017-02-06-4-02-43p.m.,10.0
238,1486368163769,2017-02-06-4-02-43p.m.,10.0
239,1486368163948,2017-02-06-4-02-43p.m.,9.0
240,1486368164127,2017-02-06-4-02-44p.m.,10.0
241,1486368164307,2017-02-06-4-02-44p.m.,10.0
242,1486368164486,2017-02-06-4-02-44p.m.,10.0
243,1486368164667,2017-02-06-4-02-44p.m.,10.0
244,1486368164848,2017-02-06-4-02-44p.m.,10.0
245,1486368165028,2017-02-06-4-02-45p.m.,10.0
246,1486368165207,2017-02-06-4-02-45p.m.,10.0
247,1486368165387,2017-02-06-4-02-45p.m.,10.0
248,1486368165565,2017-02-06-4-02-45p.m.,10.0
249,1486368165745,2017-02-06-4-02-45p.m.,10.0
250,1486368165925,2017-02-06-4-02-45p.m.,8.0
251,1486368166106,2017-02-06-4-02-46p.m.,10.0
252,1486368166285,2017-02-06-4-02-46p.m.,10.0
253,1486368166467,2017-02-06-4-02-46p.m.,10.0
254,1486368166647,2017-02-06-4-02-46p.m.,10.0
255,1486368166828,2017-02-06-4-02-46p.m.,10.0
256,1486368167007,2017-02-06-4-02-47p.m.,10.0
257,1486368167188,2017-02-06-4-02-47p.m.,10.0
258,1486368167367,2017-02-06-4-02-47p.m.,10.0
259,1486368167548,2017-02-06-4-02-47p.m.,10.0
260,1486368167727,2017-02-06-4-02-47p.m.,10.0
261,1486368167908,2017-02-06-4-02-47p.m.,11.0
262,1486368168088,2017-02-06-4-02-48p.m.,10.0
263,1486368168268,2017-02-06-4-02-48p.m.,10.0
264,1486368168448,2017-02-06-4-02-48p.m.,10.0
265,1486368168628,2017-02-06-4-02-48p.m.,10.0
266,1486368168809,2017-02-06-4-02-48p.m.,10.0
267,1486368168987,2017-02-06-4-02-48p.m.,10.0
268,1486368169167,2017-02-06-4-02-49p.m.,8.0
269,1486368169346,2017-02-06-4-02-49p.m.,6.0
270,1486368169526,2017-02-06-4-02-49p.m.,6.0
271,1486368169709,2017-02-06-4-02-49p.m.,5.0
272,1486368169884,2017-02-06-4-02-49p.m.,5.0
273,1486368170064,2017-02-06-4-02-50p.m.,6.0
274,1486368170244,2017-02-06-4-02-50p.m.,12.0
275,1486368170428,2017-02-06-4-02-50p.m.,88.0
276,1486368170604,2017-02-06-4-02-50p.m.,89.0
277,1486368170784,2017-02-06-4-02-50p.m.,88.0
278,1486368170964,2017-02-06-4-02-50p.m.,90.0
279,1486368171144,2017-02-06-4-02-51p.m.,88.0
280,1486368171324,2017-02-06-4-02-51p.m.,88.0
281,1486368171504,2017-02-06-4-02-51p.m.,88.0
282,1486368171686,2017-02-06-4-02-51p.m.,88.0
283,1486368171866,2017-02-06-4-02-51p.m.,90.0
284,1486368172049,2017-02-06-4-02-52p.m.,93.0
285,1486368172226,2017-02-06-4-02-52p.m.,96.0
286,1486368172406,2017-02-06-4-02-52p.m.,96.0
287,1486368172585,2017-02-06-4-02-52p.m.,96.0
288,1486368172766,2017-02-06-4-02-52p.m.,95.0
289,1486368172946,2017-02-06-4-02-52p.m.,97.0
290,1486368173125,2017-02-06-4-02-53p.m.,96.0
291,1486368173306,2017-02-06-4-02-53p.m.,93.0
292,1486368173485,2017-02-06-4-02-53p.m.,91.0
293,1486368173665,2017-02-06-4-02-53p.m.,92.0
294,1486368173846,2017-02-06-4-02-53p.m.,92.0
295,1486368174025,2017-02-06-4-02-54p.m.,93.0
296,1486368174206,2017-02-06-4-02-54p.m.,96.0
297,1486368174386,2017-02-06-4-02-54p.m.,96.0
298,1486368174566,2017-02-06-4-02-54p.m.,93.0
299,1486368174744,2017-02-06-4-02-54p.m.,89.0
300,1486368174926,2017-02-06-4-02-54p.m.,91.0
301,1486368175105,2017-02-06-4-02-55p.m.,92.0
302,1486368175284,2017-02-06-4-02-55p.m.,92.0
303,1486368175464,2017-02-06-4-02-55p.m.,93.0
304,1486368175644,2017-02-06-4-02-55p.m.,41.0
305,1486368175824,2017-02-06-4-02-55p.m.,38.0
306,1486368176005,2017-02-06-4-02-56p.m.,41.0
307,1486368176184,2017-02-06-4-02-56p.m.,39.0
308,1486368176365,2017-02-06-4-02-56p.m.,34.0
309,1486368176545,2017-02-06-4-02-56p.m.,35.0
310,1486368176724,2017-02-06-4-02-56p.m.,35.0
311,1486368176904,2017-02-06-4-02-56p.m.,17.0
312,1486368177088,2017-02-06-4-02-57p.m.,33.0
313,1486368177266,2017-02-06-4-02-57p.m.,110.0
314,1486368177446,2017-02-06-4-02-57p.m.,110.0
315,1486368177626,2017-02-06-4-02-57p.m.,34.0
316,1486368177807,2017-02-06-4-02-57p.m.,52.0
317,1486368177986,2017-02-06-4-02-57p.m.,73.0
318,1486368178166,2017-02-06-4-02-58p.m.,91.0
319,1486368178347,2017-02-06-4-02-58p.m.,94.0
320,1486368178526,2017-02-06-4-02-58p.m.,97.0
321,1486368178706,2017-02-06-4-02-58p.m.,44.0
322,1486368178885,2017-02-06-4-02-58p.m.,10.0
323,1486368179065,2017-02-06-4-02-59p.m.,2.0
324,1486368179245,2017-02-06-4-02-59p.m.,7.0
325,1486368179425,2017-02-06-4-02-59p.m.,2.0
326,1486368179605,2017-02-06-4-02-59p.m.,35.0
327,1486368179787,2017-02-06-4-02-59p.m.,40.0
328,1486368179967,2017-02-06-4-02-59p.m.,4.0
329,1486368180147,2017-02-06-4-03-00p.m.,2.0
330,1486368180328,2017-02-06-4-03-00p.m.,4.0
331,1486368180508,2017-02-06-4-03-00p.m.,4.0
332,1486368180687,2017-02-06-4-03-00p.m.,2.0
333,1486368180865,2017-02-06-4-03-00p.m.,4.0
334,1486368181049,2017-02-06-4-03-01p.m.,4.0
335,1486368181228,2017-02-06-4-03-01p.m.,4.0
336,1486368181408,2017-02-06-4-03-01p.m.,4.0
337,1486368181587,2017-02-06-4-03-01p.m.,13.0
338,1486368181767,2017-02-06-4-03-01p.m.,17.0
339,1486368181946,2017-02-06-4-03-01p.m.,69.0
340,1486368182127,2017-02-06-4-03-02p.m.,63.0
341,1486368182307,2017-02-06-4-03-02p.m.,66.0
342,1486368182485,2017-02-06-4-03-02p.m.,71.0
343,1486368182667,2017-02-06-4-03-02p.m.,54.0
344,1486368182847,2017-02-06-4-03-02p.m.,49.0
345,1486368183027,2017-02-06-4-03-03p.m.,59.0
346,1486368183207,2017-02-06-4-03-03p.m.,65.0
347,1486368183387,2017-02-06-4-03-03p.m.,66.0
348,1486368183568,2017-02-06-4-03-03p.m.,69.0
349,1486368183747,2017-02-06-4-03-03p.m.,66.0
350,1486368183928,2017-02-06-4-03-03p.m.,69.0
351,1486368184108,2017-02-06-4-03-04p.m.,69.0
352,1486368184288,2017-02-06-4-03-04p.m.,72.0
353,1486368184467,2017-02-06-4-03-04p.m.,82.0
354,1486368184648,2017-02-06-4-03-04p.m.,84.0
355,1486368184828,2017-02-06-4-03-04p.m.,89.0
356,1486368185007,2017-02-06-4-03-05p.m.,92.0
357,1486368185188,2017-02-06-4-03-05p.m.,98.0
358,1486368185367,2017-02-06-4-03-05p.m.,82.0
359,1486368185547,2017-02-06-4-03-05p.m.,89.0
360,1486368185727,2017-02-06-4-03-05p.m.,96.0
361,1486368185908,2017-02-06-4-03-05p.m.,80.0
362,1486368186087,2017-02-06-4-03-06p.m.,72.0
363,1486368186268,2017-02-06-4-03-06p.m.,70.0
364,1486368186447,2017-02-06-4-03-06p.m.,69.0
365,1486368186627,2017-02-06-4-03-06p.m.,69.0
366,1486368186807,2017-02-06-4-03-06p.m.,70.0
367,1486368186986,2017-02-06-4-03-06p.m.,69.0
368,1486368187168,2017-02-06-4-03-07p.m.,73.0
369,1486368187347,2017-02-06-4-03-07p.m.,69.0
370,1486368187526,2017-02-06-4-03-07p.m.,67.0
371,1486368187707,2017-02-06-4-03-07p.m.,66.0
372,1486368187887,2017-02-06-4-03-07p.m.,67.0
373,1486368188068,2017-02-06-4-03-08p.m.,66.0
374,1486368188247,2017-02-06-4-03-08p.m.,67.0
375,1486368188427,2017-02-06-4-03-08p.m.,67.0
376,1486368188604,2017-02-06-4-03-08p.m.,66.0
377,1486368188786,2017-02-06-4-03-08p.m.,67.0
378,1486368188967,2017-02-06-4-03-08p.m.,67.0
379,1486368189147,2017-02-06-4-03-09p.m.,70.0
380,1486368189326,2017-02-06-4-03-09p.m.,71.0
381,1486368189504,2017-02-06-4-03-09p.m.,70.0
382,1486368189684,2017-02-06-4-03-09p.m.,70.0
383,1486368189865,2017-02-06-4-03-09p.m.,71.0
384,1486368190046,2017-02-06-4-03-10p.m.,71.0
385,1486368190226,2017-02-06-4-03-10p.m.,71.0
386,1486368190408,2017-02-06-4-03-10p.m.,61.0
387,1486368190774,2017-02-06-4-03-10p.m.,74.0
388,1486368190776,2017-02-06-4-03-10p.m.,74.0
389,1486368190954,2017-02-06-4-03-10p.m.,73.0
390,1486368191134,2017-02-06-4-03-11p.m.,73.0
391,1486368191315,2017-02-06-4-03-11p.m.,75.0
392,1486368191493,2017-02-06-4-03-11p.m.,75.0
393,1486368191675,2017-02-06-4-03-11p.m.,75.0
394,1486368191856,2017-02-06-4-03-11p.m.,73.0
395,1486368192033,2017-02-06-4-03-12p.m.,72.0
396,1486368192215,2017-02-06-4-03-12p.m.,90.0
397,1486368192396,2017-02-06-4-03-12p.m.,94.0
398,1486368192576,2017-02-06-4-03-12p.m.,94.0
399,1486368192754,2017-02-06-4-03-12p.m.,94.0
400,1486368192936,2017-02-06-4-03-12p.m.,97.0
401,1486368193113,2017-02-06-4-03-13p.m.,96.0
402,1486368193293,2017-02-06-4-03-13p.m.,96.0
403,1486368193474,2017-02-06-4-03-13p.m.,96.0
404,1486368193655,2017-02-06-4-03-13p.m.,97.0
405,1486368193836,2017-02-06-4-03-13p.m.,96.0
406,1486368194016,2017-02-06-4-03-14p.m.,85.0
407,1486368194194,2017-02-06-4-03-14p.m.,78.0
408,1486368194376,2017-02-06-4-03-14p.m.,68.0
409,1486368194556,2017-02-06-4-03-14p.m.,93.0
410,1486368194735,2017-02-06-4-03-14p.m.,81.0
411,1486368194915,2017-02-06-4-03-14p.m.,83.0
412,1486368195096,2017-02-06-4-03-15p.m.,10.0
413,1486368195274,2017-02-06-4-03-15p.m.,9.0
414,1486368195454,2017-02-06-4-03-15p.m.,81.0
415,1486368195636,2017-02-06-4-03-15p.m.,86.0
416,1486368195816,2017-02-06-4-03-15p.m.,97.0
417,1486368195995,2017-02-06-4-03-15p.m.,95.0
418,1486368196176,2017-02-06-4-03-16p.m.,61.0
419,1486368196356,2017-02-06-4-03-16p.m.,38.0
420,1486368196534,2017-02-06-4-03-16p.m.,69.0
421,1486368196714,2017-02-06-4-03-16p.m.,122.0
422,1486368196897,2017-02-06-4-03-16p.m.,106.0
423,1486368197073,2017-02-06-4-03-17p.m.,120.0
424,1486368197257,2017-02-06-4-03-17p.m.,116.0
425,1486368197435,2017-02-06-4-03-17p.m.,125.0
426,1486368197616,2017-02-06-4-03-17p.m.,125.0
427,1486368197797,2017-02-06-4-03-17p.m.,122.0
428,1486368197976,2017-02-06-4-03-17p.m.,106.0
429,1486368198156,2017-02-06-4-03-18p.m.,103.0
430,1486368198335,2017-02-06-4-03-18p.m.,105.0
431,1486368198514,2017-02-06-4-03-18p.m.,103.0
432,1486368198697,2017-02-06-4-03-18p.m.,103.0
433,1486368198875,2017-02-06-4-03-18p.m.,103.0
434,1486368199055,2017-02-06-4-03-19p.m.,108.0
435,1486368199242,2017-02-06-4-03-19p.m.,107.0
436,1486368199412,2017-02-06-4-03-19p.m.,101.0
437,1486368199592,2017-02-06-4-03-19p.m.,94.0
438,1486368199772,2017-02-06-4-03-19p.m.,84.0
439,1486368199952,2017-02-06-4-03-19p.m.,78.0
440,1486368200133,2017-02-06-4-03-20p.m.,73.0
441,1486368200315,2017-02-06-4-03-20p.m.,77.0
442,1486368200493,2017-02-06-4-03-20p.m.,78.0
443,1486368200673,2017-02-06-4-03-20p.m.,81.0
444,1486368200852,2017-02-06-4-03-20p.m.,84.0
445,1486368201034,2017-02-06-4-03-21p.m.,88.0
446,1486368201213,2017-02-06-4-03-21p.m.,86.0
447,1486368201392,2017-02-06-4-03-21p.m.,86.0
448,1486368201573,2017-02-06-4-03-21p.m.,80.0
449,1486368201757,2017-02-06-4-03-21p.m.,73.0
450,1486368201935,2017-02-06-4-03-21p.m.,75.0
451,1486368202113,2017-02-06-4-03-22p.m.,76.0
452,1486368202294,2017-02-06-4-03-22p.m.,75.0
453,1486368202474,2017-02-06-4-03-22p.m.,71.0
454,1486368202656,2017-02-06-4-03-22p.m.,76.0
455,1486368202834,2017-02-06-4-03-22p.m.,78.0
456,1486368203016,2017-02-06-4-03-23p.m.,79.0
457,1486368203195,2017-02-06-4-03-23p.m.,78.0
458,1486368203376,2017-02-06-4-03-23p.m.,78.0
459,1486368203556,2017-02-06-4-03-23p.m.,80.0
460,1486368203735,2017-02-06-4-03-23p.m.,80.0
461,1486368203915,2017-02-06-4-03-23p.m.,81.0
462,1486368204096,2017-02-06-4-03-24p.m.,81.0
463,1486368204275,2017-02-06-4-03-24p.m.,80.0
464,1486368204453,2017-02-06-4-03-24p.m.,68.0
465,1486368204635,2017-02-06-4-03-24p.m.,66.0
466,1486368204816,2017-02-06-4-03-24p.m.,64.0
467,1486368204995,2017-02-06-4-03-24p.m.,62.0
468,1486368205173,2017-02-06-4-03-25p.m.,71.0
469,1486368205354,2017-02-06-4-03-25p.m.,73.0
470,1486368205535,2017-02-06-4-03-25p.m.,68.0
471,1486368205717,2017-02-06-4-03-25p.m.,57.0
472,1486368205894,2017-02-06-4-03-25p.m.,62.0
473,1486368206075,2017-02-06-4-03-26p.m.,58.0
474,1486368206253,2017-02-06-4-03-26p.m.,57.0
475,1486368206435,2017-02-06-4-03-26p.m.,69.0
476,1486368206614,2017-02-06-4-03-26p.m.,76.0
477,1486368206794,2017-02-06-4-03-26p.m.,83.0
478,1486368206976,2017-02-06-4-03-26p.m.,84.0
479,1486368207156,2017-02-06-4-03-27p.m.,90.0
480,1486368207335,2017-02-06-4-03-27p.m.,87.0
481,1486368207516,2017-02-06-4-03-27p.m.,88.0
482,1486368207695,2017-02-06-4-03-27p.m.,89.0
483,1486368207875,2017-02-06-4-03-27p.m.,89.0
484,1486368208055,2017-02-06-4-03-28p.m.,90.0
485,1486368208236,2017-02-06-4-03-28p.m.,88.0
486,1486368208415,2017-02-06-4-03-28p.m.,83.0
487,1486368208595,2017-02-06-4-03-28p.m.,82.0
488,1486368208775,2017-02-06-4-03-28p.m.,81.0
489,1486368208956,2017-02-06-4-03-28p.m.,81.0
490,1486368209136,2017-02-06-4-03-29p.m.,65.0
491,1486368209314,2017-02-06-4-03-29p.m.,70.0
492,1486368209493,2017-02-06-4-03-29p.m.,84.0
493,1486368209680,2017-02-06-4-03-29p.m.,88.0
494,1486368209853,2017-02-06-4-03-29p.m.,88.0
495,1486368210034,2017-02-06-4-03-30p.m.,97.0
496,1486368210213,2017-02-06-4-03-30p.m.,95.0
497,1486368210393,2017-02-06-4-03-30p.m.,97.0
498,1486368210573,2017-02-06-4-03-30p.m.,98.0
499,1486368210753,2017-02-06-4-03-30p.m.,98.0
500,1486368210933,2017-02-06-4-03-30p.m.,96.0
501,1486368211113,2017-02-06-4-03-31p.m.,96.0
502,1486368211293,2017-02-06-4-03-31p.m.,92.0
503,1486368211472,2017-02-06-4-03-31p.m.,87.0
504,1486368211653,2017-02-06-4-03-31p.m.,77.0
505,1486368211832,2017-02-06-4-03-31p.m.,74.0
506,1486368212013,2017-02-06-4-03-32p.m.,65.0
507,1486368212193,2017-02-06-4-03-32p.m.,66.0
508,1486368212372,2017-02-06-4-03-32p.m.,69.0
509,1486368212553,2017-02-06-4-03-32p.m.,71.0
510,1486368212733,2017-02-06-4-03-32p.m.,78.0
511,1486368212917,2017-02-06-4-03-32p.m.,59.0
512,1486368213096,2017-02-06-4-03-33p.m.,47.0
513,1486368213276,2017-02-06-4-03-33p.m.,48.0
514,1486368213454,2017-02-06-4-03-33p.m.,51.0
515,1486368213637,2017-02-06-4-03-33p.m.,53.0
516,1486368213816,2017-02-06-4-03-33p.m.,71.0
517,1486368213996,2017-02-06-4-03-33p.m.,61.0
518,1486368214176,2017-02-06-4-03-34p.m.,76.0
519,1486368214355,2017-02-06-4-03-34p.m.,64.0
520,1486368214536,2017-02-06-4-03-34p.m.,66.0
521,1486368214715,2017-02-06-4-03-34p.m.,66.0
522,1486368214896,2017-02-06-4-03-34p.m.,68.0
523,1486368215073,2017-02-06-4-03-35p.m.,63.0
524,1486368215253,2017-02-06-4-03-35p.m.,72.0
525,1486368215432,2017-02-06-4-03-35p.m.,68.0
526,1486368215613,2017-02-06-4-03-35p.m.,70.0
527,1486368215792,2017-02-06-4-03-35p.m.,70.0
528,1486368215973,2017-02-06-4-03-35p.m.,66.0
529,1486368216153,2017-02-06-4-03-36p.m.,71.0
530,1486368216332,2017-02-06-4-03-36p.m.,77.0
531,1486368216513,2017-02-06-4-03-36p.m.,76.0
532,1486368216692,2017-02-06-4-03-36p.m.,72.0
533,1486368216873,2017-02-06-4-03-36p.m.,65.0
534,1486368217054,2017-02-06-4-03-37p.m.,58.0
535,1486368217232,2017-02-06-4-03-37p.m.,60.0
536,1486368217628,2017-02-06-4-03-37p.m.,65.0
537,1486368217629,2017-02-06-4-03-37p.m.,68.0
538,1486368217773,2017-02-06-4-03-37p.m.,68.0
539,1486368217952,2017-02-06-4-03-37p.m.,68.0
540,1486368218135,2017-02-06-4-03-38p.m.,72.0
541,1486368218312,2017-02-06-4-03-38p.m.,74.0
542,1486368218495,2017-02-06-4-03-38p.m.,73.0
543,1486368218673,2017-02-06-4-03-38p.m.,85.0
544,1486368218856,2017-02-06-4-03-38p.m.,82.0
545,1486368219034,2017-02-06-4-03-39p.m.,77.0
546,1486368219213,2017-02-06-4-03-39p.m.,83.0
547,1486368219392,2017-02-06-4-03-39p.m.,79.0
548,1486368219573,2017-02-06-4-03-39p.m.,79.0
549,1486368219753,2017-02-06-4-03-39p.m.,79.0
550,1486368219933,2017-02-06-4-03-39p.m.,81.0
551,1486368220113,2017-02-06-4-03-40p.m.,65.0
552,1486368220293,2017-02-06-4-03-40p.m.,77.0
553,1486368220651,2017-02-06-4-03-40p.m.,84.0
554,1486368220654,2017-02-06-4-03-40p.m.,84.0
555,1486368220830,2017-02-06-4-03-40p.m.,85.0
556,1486368221011,2017-02-06-4-03-41p.m.,73.0
557,1486368221192,2017-02-06-4-03-41p.m.,76.0
558,1486368221372,2017-02-06-4-03-41p.m.,82.0
559,1486368221551,2017-02-06-4-03-41p.m.,80.0
560,1486368221733,2017-02-06-4-03-41p.m.,80.0
561,1486368221912,2017-02-06-4-03-41p.m.,83.0
562,1486368222092,2017-02-06-4-03-42p.m.,74.0
563,1486368222272,2017-02-06-4-03-42p.m.,73.0
564,1486368222452,2017-02-06-4-03-42p.m.,84.0
565,1486368222631,2017-02-06-4-03-42p.m.,12.0
566,1486368222809,2017-02-06-4-03-42p.m.,87.0
567,1486368222989,2017-02-06-4-03-42p.m.,85.0
568,1486368223170,2017-02-06-4-03-43p.m.,87.0
569,1486368223349,2017-02-06-4-03-43p.m.,89.0
570,1486368223530,2017-02-06-4-03-43p.m.,95.0
571,1486368223711,2017-02-06-4-03-43p.m.,92.0
572,1486368223889,2017-02-06-4-03-43p.m.,92.0
573,1486368224069,2017-02-06-4-03-44p.m.,91.0
574,1486368224249,2017-02-06-4-03-44p.m.,79.0
575,1486368224429,2017-02-06-4-03-44p.m.,81.0
576,1486368224612,2017-02-06-4-03-44p.m.,77.0
577,1486368224791,2017-02-06-4-03-44p.m.,75.0
578,1486368224970,2017-02-06-4-03-44p.m.,92.0
579,1486368225152,2017-02-06-4-03-45p.m.,81.0
580,1486368225332,2017-02-06-4-03-45p.m.,86.0
581,1486368225511,2017-02-06-4-03-45p.m.,85.0
582,1486368225690,2017-02-06-4-03-45p.m.,91.0
583,1486368225872,2017-02-06-4-03-45p.m.,93.0
584,1486368226052,2017-02-06-4-03-46p.m.,96.0
585,1486368226232,2017-02-06-4-03-46p.m.,96.0
586,1486368226411,2017-02-06-4-03-46p.m.,84.0
587,1486368226592,2017-02-06-4-03-46p.m.,97.0
588,1486368226771,2017-02-06-4-03-46p.m.,99.0
589,1486368226952,2017-02-06-4-03-46p.m.,99.0
590,1486368227132,2017-02-06-4-03-47p.m.,96.0
591,1486368227312,2017-02-06-4-03-47p.m.,95.0
592,1486368227490,2017-02-06-4-03-47p.m.,94.0
593,1486368227671,2017-02-06-4-03-47p.m.,85.0
594,1486368227851,2017-02-06-4-03-47p.m.,88.0
595,1486368228032,2017-02-06-4-03-48p.m.,87.0
596,1486368228212,2017-02-06-4-03-48p.m.,88.0
597,1486368228390,2017-02-06-4-03-48p.m.,70.0
598,1486368228572,2017-02-06-4-03-48p.m.,95.0
599,1486368228752,2017-02-06-4-03-48p.m.,92.0
600,1486368228932,2017-02-06-4-03-48p.m.,99.0
601,1486368229111,2017-02-06-4-03-49p.m.,101.0
602,1486368229292,2017-02-06-4-03-49p.m.,99.0
603,1486368229471,2017-02-06-4-03-49p.m.,99.0
604,1486368229651,2017-02-06-4-03-49p.m.,99.0
605,1486368229832,2017-02-06-4-03-49p.m.,99.0
606,1486368230011,2017-02-06-4-03-50p.m.,90.0
607,1486368230191,2017-02-06-4-03-50p.m.,90.0
608,1486368230372,2017-02-06-4-03-50p.m.,92.0
609,1486368230553,2017-02-06-4-03-50p.m.,92.0
610,1486368230732,2017-02-06-4-03-50p.m.,92.0
611,1486368230912,2017-02-06-4-03-50p.m.,93.0
612,1486368231092,2017-02-06-4-03-51p.m.,95.0
613,1486368231271,2017-02-06-4-03-51p.m.,104.0
614,1486368231453,2017-02-06-4-03-51p.m.,108.0
615,1486368231633,2017-02-06-4-03-51p.m.,104.0
616,1486368231812,2017-02-06-4-03-51p.m.,102.0
617,1486368231992,2017-02-06-4-03-51p.m.,100.0
618,1486368232172,2017-02-06-4-03-52p.m.,99.0
619,1486368232350,2017-02-06-4-03-52p.m.,97.0
620,1486368232533,2017-02-06-4-03-52p.m.,98.0
621,1486368232712,2017-02-06-4-03-52p.m.,95.0
622,1486368232892,2017-02-06-4-03-52p.m.,91.0
623,1486368233073,2017-02-06-4-03-53p.m.,92.0
624,1486368233252,2017-02-06-4-03-53p.m.,95.0
625,1486368233432,2017-02-06-4-03-53p.m.,95.0
626,1486368233612,2017-02-06-4-03-53p.m.,95.0
627,1486368233793,2017-02-06-4-03-53p.m.,93.0
628,1486368233973,2017-02-06-4-03-53p.m.,92.0
629,1486368234152,2017-02-06-4-03-54p.m.,93.0
630,1486368234330,2017-02-06-4-03-54p.m.,29.0
631,1486368234511,2017-02-06-4-03-54p.m.,32.0
632,1486368234692,2017-02-06-4-03-54p.m.,75.0
633,1486368234872,2017-02-06-4-03-54p.m.,55.0
634,1486368235052,2017-02-06-4-03-55p.m.,33.0
635,1486368235238,2017-02-06-4-03-55p.m.,52.0
636,1486368235412,2017-02-06-4-03-55p.m.,99.0
637,1486368235592,2017-02-06-4-03-55p.m.,94.0
638,1486368235772,2017-02-06-4-03-55p.m.,96.0
639,1486368235952,2017-02-06-4-03-55p.m.,93.0
640,1486368236134,2017-02-06-4-03-56p.m.,81.0
641,1486368236314,2017-02-06-4-03-56p.m.,86.0
642,1486368236490,2017-02-06-4-03-56p.m.,90.0
643,1486368236670,2017-02-06-4-03-56p.m.,89.0
644,1486368236852,2017-02-06-4-03-56p.m.,77.0
645,1486368237032,2017-02-06-4-03-57p.m.,79.0
646,1486368237212,2017-02-06-4-03-57p.m.,79.0
647,1486368237392,2017-02-06-4-03-57p.m.,99.0
648,1486368237571,2017-02-06-4-03-57p.m.,100.0
649,1486368237753,2017-02-06-4-03-57p.m.,95.0
650,1486368237932,2017-02-06-4-03-57p.m.,95.0
651,1486368238111,2017-02-06-4-03-58p.m.,92.0
652,1486368238291,2017-02-06-4-03-58p.m.,95.0
653,1486368238470,2017-02-06-4-03-58p.m.,92.0
654,1486368238656,2017-02-06-4-03-58p.m.,95.0
655,1486368238832,2017-02-06-4-03-58p.m.,91.0
656,1486368239013,2017-02-06-4-03-59p.m.,88.0
657,1486368239191,2017-02-06-4-03-59p.m.,83.0
658,1486368239373,2017-02-06-4-03-59p.m.,80.0
659,1486368239552,2017-02-06-4-03-59p.m.,77.0
660,1486368239731,2017-02-06-4-03-59p.m.,78.0
661,1486368239912,2017-02-06-4-03-59p.m.,74.0
662,1486368240091,2017-02-06-4-04-00p.m.,75.0
663,1486368240269,2017-02-06-4-04-00p.m.,63.0
664,1486368240450,2017-02-06-4-04-00p.m.,79.0
665,1486368240630,2017-02-06-4-04-00p.m.,83.0
666,1486368240809,2017-02-06-4-04-00p.m.,86.0
667,1486368240991,2017-02-06-4-04-00p.m.,89.0
668,1486368241170,2017-02-06-4-04-01p.m.,61.0
669,1486368241356,2017-02-06-4-04-01p.m.,84.0
670,1486368241530,2017-02-06-4-04-01p.m.,72.0
671,1486368241710,2017-02-06-4-04-01p.m.,77.0
672,1486368241890,2017-02-06-4-04-01p.m.,77.0
673,1486368242071,2017-02-06-4-04-02p.m.,72.0
674,1486368242250,2017-02-06-4-04-02p.m.,68.0
675,1486368242430,2017-02-06-4-04-02p.m.,68.0
676,1486368242613,2017-02-06-4-04-02p.m.,66.0
677,1486368242793,2017-02-06-4-04-02p.m.,66.0
678,1486368242972,2017-02-06-4-04-02p.m.,67.0
679,1486368243152,2017-02-06-4-04-03p.m.,67.0
680,1486368243332,2017-02-06-4-04-03p.m.,66.0
681,1486368243512,2017-02-06-4-04-03p.m.,66.0
682,1486368243693,2017-02-06-4-04-03p.m.,68.0
683,1486368243873,2017-02-06-4-04-03p.m.,69.0
684,1486368244054,2017-02-06-4-04-04p.m.,71.0
685,1486368244233,2017-02-06-4-04-04p.m.,70.0
686,1486368244413,2017-02-06-4-04-04p.m.,68.0
687,1486368244592,2017-02-06-4-04-04p.m.,69.0
688,1486368244772,2017-02-06-4-04-04p.m.,69.0
689,1486368244952,2017-02-06-4-04-04p.m.,70.0
690,1486368245134,2017-02-06-4-04-05p.m.,69.0
691,1486368245312,2017-02-06-4-04-05p.m.,70.0
692,1486368245493,2017-02-06-4-04-05p.m.,68.0
693,1486368245671,2017-02-06-4-04-05p.m.,64.0
694,1486368245853,2017-02-06-4-04-05p.m.,65.0
695,1486368246031,2017-02-06-4-04-06p.m.,65.0
696,1486368246211,2017-02-06-4-04-06p.m.,66.0
697,1486368246392,2017-02-06-4-04-06p.m.,68.0
698,1486368246573,2017-02-06-4-04-06p.m.,68.0
699,1486368246751,2017-02-06-4-04-06p.m.,69.0
700,1486368246933,2017-02-06-4-04-06p.m.,71.0
701,1486368247112,2017-02-06-4-04-07p.m.,66.0
702,1486368247293,2017-02-06-4-04-07p.m.,60.0
703,1486368247472,2017-02-06-4-04-07p.m.,60.0
704,1486368247652,2017-02-06-4-04-07p.m.,57.0
705,1486368247832,2017-02-06-4-04-07p.m.,46.0
706,1486368248012,2017-02-06-4-04-08p.m.,59.0
707,1486368248190,2017-02-06-4-04-08p.m.,62.0
708,1486368248370,2017-02-06-4-04-08p.m.,51.0
709,1486368248549,2017-02-06-4-04-08p.m.,30.0
710,1486368248735,2017-02-06-4-04-08p.m.,5.0
711,1486368248912,2017-02-06-4-04-08p.m.,9.0
712,1486368249090,2017-02-06-4-04-09p.m.,7.0
713,1486368249269,2017-02-06-4-04-09p.m.,11.0
714,1486368249449,2017-02-06-4-04-09p.m.,9.0
715,1486368249630,2017-02-06-4-04-09p.m.,34.0
716,1486368249810,2017-02-06-4-04-09p.m.,29.0
717,1486368249989,2017-02-06-4-04-09p.m.,64.0
718,1486368250170,2017-02-06-4-04-10p.m.,43.0
719,1486368250350,2017-02-06-4-04-10p.m.,30.0
720,1486368250530,2017-02-06-4-04-10p.m.,34.0
721,1486368250710,2017-02-06-4-04-10p.m.,54.0
722,1486368250893,2017-02-06-4-04-10p.m.,90.0
723,1486368251072,2017-02-06-4-04-11p.m.,89.0
724,1486368251252,2017-02-06-4-04-11p.m.,35.0
725,1486368251432,2017-02-06-4-04-11p.m.,25.0
726,1486368251612,2017-02-06-4-04-11p.m.,34.0
727,1486368251790,2017-02-06-4-04-11p.m.,26.0
728,1486368251972,2017-02-06-4-04-11p.m.,7.0
729,1486368252152,2017-02-06-4-04-12p.m.,7.0
730,1486368252331,2017-02-06-4-04-12p.m.,5.0
731,1486368252513,2017-02-06-4-04-12p.m.,4.0
732,1486368252693,2017-02-06-4-04-12p.m.,5.0
733,1486368252873,2017-02-06-4-04-12p.m.,2.0
734,1486368253051,2017-02-06-4-04-13p.m.,2.0
735,1486368253233,2017-02-06-4-04-13p.m.,2.0
736,1486368253435,2017-02-06-4-04-13p.m.,2.0
737,1486368253593,2017-02-06-4-04-13p.m.,2.0
738,1486368253772,2017-02-06-4-04-13p.m.,2.0
739,1486368253952,2017-02-06-4-04-13p.m.,3.0
740,1486368254132,2017-02-06-4-04-14p.m.,4.0
741,1486368254312,2017-02-06-4-04-14p.m.,5.0
742,1486368254493,2017-02-06-4-04-14p.m.,7.0
743,1486368254672,2017-02-06-4-04-14p.m.,14.0
744,1486368254852,2017-02-06-4-04-14p.m.,27.0
745,1486368255032,2017-02-06-4-04-15p.m.,12.0
746,1486368255213,2017-02-06-4-04-15p.m.,7.0
747,1486368255392,2017-02-06-4-04-15p.m.,7.0
748,1486368255573,2017-02-06-4-04-15p.m.,5.0
749,1486368255752,2017-02-06-4-04-15p.m.,6.0
750,1486368255931,2017-02-06-4-04-15p.m.,7.0
751,1486368256113,2017-02-06-4-04-16p.m.,7.0
752,1486368256292,2017-02-06-4-04-16p.m.,7.0
753,1486368256472,2017-02-06-4-04-16p.m.,7.0
754,1486368256652,2017-02-06-4-04-16p.m.,7.0
755,1486368256834,2017-02-06-4-04-16p.m.,7.0
756,1486368257012,2017-02-06-4-04-17p.m.,6.0
757,1486368257193,2017-02-06-4-04-17p.m.,6.0
758,1486368257373,2017-02-06-4-04-17p.m.,6.0
759,1486368257551,2017-02-06-4-04-17p.m.,6.0
760,1486368257732,2017-02-06-4-04-17p.m.,8.0
761,1486368257912,2017-02-06-4-04-17p.m.,6.0
762,1486368258093,2017-02-06-4-04-18p.m.,8.0
763,1486368258273,2017-02-06-4-04-18p.m.,7.0
764,1486368258452,2017-02-06-4-04-18p.m.,8.0
765,1486368258632,2017-02-06-4-04-18p.m.,8.0
766,1486368258812,2017-02-06-4-04-18p.m.,8.0
767,1486368258993,2017-02-06-4-04-18p.m.,8.0
768,1486368259172,2017-02-06-4-04-19p.m.,8.0
769,1486368259353,2017-02-06-4-04-19p.m.,8.0
770,1486368259531,2017-02-06-4-04-19p.m.,7.0
771,1486368259712,2017-02-06-4-04-19p.m.,8.0
772,1486368259892,2017-02-06-4-04-19p.m.,8.0
773,1486368260072,2017-02-06-4-04-20p.m.,8.0
774,1486368260253,2017-02-06-4-04-20p.m.,6.0
775,1486368260433,2017-02-06-4-04-20p.m.,6.0
776,1486368260613,2017-02-06-4-04-20p.m.,6.0
777,1486368260792,2017-02-06-4-04-20p.m.,6.0
778,1486368260972,2017-02-06-4-04-20p.m.,7.0
779,1486368261152,2017-02-06-4-04-21p.m.,7.0
780,1486368261334,2017-02-06-4-04-21p.m.,7.0
781,1486368261512,2017-02-06-4-04-21p.m.,5.0
782,1486368261691,2017-02-06-4-04-21p.m.,5.0
783,1486368261873,2017-02-06-4-04-21p.m.,5.0
784,1486368262053,2017-02-06-4-04-22p.m.,5.0
785,1486368262232,2017-02-06-4-04-22p.m.,5.0
786,1486368262413,2017-02-06-4-04-22p.m.,5.0
787,1486368262592,2017-02-06-4-04-22p.m.,5.0
788,1486368262773,2017-02-06-4-04-22p.m.,5.0
789,1486368262952,2017-02-06-4-04-22p.m.,5.0
790,1486368263133,2017-02-06-4-04-23p.m.,5.0
791,1486368263313,2017-02-06-4-04-23p.m.,4.0
792,1486368263493,2017-02-06-4-04-23p.m.,4.0
793,1486368263672,2017-02-06-4-04-23p.m.,7.0
794,1486368263852,2017-02-06-4-04-23p.m.,26.0
795,1486368264033,2017-02-06-4-04-24p.m.,95.0
796,1486368264213,2017-02-06-4-04-24p.m.,109.0
797,1486368264392,2017-02-06-4-04-24p.m.,111.0
798,1486368264573,2017-02-06-4-04-24p.m.,111.0
799,1486368264752,2017-02-06-4-04-24p.m.,114.0
800,1486368264933,2017-02-06-4-04-24p.m.,114.0
801,1486368265113,2017-02-06-4-04-25p.m.,110.0
802,1486368265293,2017-02-06-4-04-25p.m.,105.0
803,1486368265472,2017-02-06-4-04-25p.m.,104.0
804,1486368265653,2017-02-06-4-04-25p.m.,99.0
805,1486368265832,2017-02-06-4-04-25p.m.,110.0
806,1486368266013,2017-02-06-4-04-26p.m.,113.0
807,1486368266191,2017-02-06-4-04-26p.m.,85.0
808,1486368266371,2017-02-06-4-04-26p.m.,81.0
809,1486368266550,2017-02-06-4-04-26p.m.,90.0
810,1486368266733,2017-02-06-4-04-26p.m.,84.0
811,1486368266913,2017-02-06-4-04-26p.m.,41.0
812,1486368267092,2017-02-06-4-04-27p.m.,65.0
813,1486368267273,2017-02-06-4-04-27p.m.,72.0
814,1486368267453,2017-02-06-4-04-27p.m.,44.0
815,1486368267632,2017-02-06-4-04-27p.m.,45.0
816,1486368267812,2017-02-06-4-04-27p.m.,70.0
817,1486368267992,2017-02-06-4-04-27p.m.,62.0
818,1486368268172,2017-02-06-4-04-28p.m.,46.0
819,1486368268351,2017-02-06-4-04-28p.m.,39.0
820,1486368268531,2017-02-06-4-04-28p.m.,38.0
821,1486368268713,2017-02-06-4-04-28p.m.,39.0
822,1486368268893,2017-02-06-4-04-28p.m.,46.0
823,1486368269073,2017-02-06-4-04-29p.m.,46.0
824,1486368269253,2017-02-06-4-04-29p.m.,7.0
825,1486368269432,2017-02-06-4-04-29p.m.,2.0
826,1486368269613,2017-02-06-4-04-29p.m.,4.0
827,1486368269792,2017-02-06-4-04-29p.m.,5.0
828,1486368269973,2017-02-06-4-04-29p.m.,5.0
829,1486368270152,2017-02-06-4-04-30p.m.,7.0
830,1486368270333,2017-02-06-4-04-30p.m.,19.0
831,1486368270512,2017-02-06-4-04-30p.m.,7.0
832,1486368270693,2017-02-06-4-04-30p.m.,8.0
833,1486368270873,2017-02-06-4-04-30p.m.,7.0
834,1486368271052,2017-02-06-4-04-31p.m.,7.0
835,1486368271233,2017-02-06-4-04-31p.m.,12.0
836,1486368271411,2017-02-06-4-04-31p.m.,8.0
837,1486368271592,2017-02-06-4-04-31p.m.,10.0
838,1486368271773,2017-02-06-4-04-31p.m.,11.0
839,1486368271953,2017-02-06-4-04-31p.m.,11.0
840,1486368272133,2017-02-06-4-04-32p.m.,12.0
841,1486368272313,2017-02-06-4-04-32p.m.,9.0
842,1486368272492,2017-02-06-4-04-32p.m.,4.0
843,1486368272672,2017-02-06-4-04-32p.m.,4.0
844,1486368272853,2017-02-06-4-04-32p.m.,4.0
845,1486368273032,2017-02-06-4-04-33p.m.,4.0
846,1486368273214,2017-02-06-4-04-33p.m.,5.0
847,1486368273393,2017-02-06-4-04-33p.m.,10.0
848,1486368273571,2017-02-06-4-04-33p.m.,12.0
849,1486368273753,2017-02-06-4-04-33p.m.,14.0
850,1486368273932,2017-02-06-4-04-33p.m.,12.0
851,1486368274113,2017-02-06-4-04-34p.m.,15.0
852,1486368274292,2017-02-06-4-04-34p.m.,15.0
853,1486368274472,2017-02-06-4-04-34p.m.,15.0
854,1486368274652,2017-02-06-4-04-34p.m.,10.0
855,1486368274833,2017-02-06-4-04-34p.m.,9.0
856,1486368275011,2017-02-06-4-04-35p.m.,14.0
857,1486368275192,2017-02-06-4-04-35p.m.,13.0
858,1486368275372,2017-02-06-4-04-35p.m.,6.0
859,1486368275552,2017-02-06-4-04-35p.m.,4.0
860,1486368275733,2017-02-06-4-04-35p.m.,4.0
861,1486368275912,2017-02-06-4-04-35p.m.,4.0
862,1486368276092,2017-02-06-4-04-36p.m.,4.0
863,1486368276271,2017-02-06-4-04-36p.m.,6.0
864,1486368276452,2017-02-06-4-04-36p.m.,4.0
865,1486368276633,2017-02-06-4-04-36p.m.,4.0
866,1486368276813,2017-02-06-4-04-36p.m.,5.0
867,1486368276992,2017-02-06-4-04-36p.m.,10.0
868,1486368277170,2017-02-06-4-04-37p.m.,14.0
869,1486368277351,2017-02-06-4-04-37p.m.,19.0
870,1486368277532,2017-02-06-4-04-37p.m.,19.0
871,1486368277711,2017-02-06-4-04-37p.m.,17.0
872,1486368277893,2017-02-06-4-04-37p.m.,15.0
873,1486368278073,2017-02-06-4-04-38p.m.,13.0
874,1486368278253,2017-02-06-4-04-38p.m.,7.0
875,1486368278431,2017-02-06-4-04-38p.m.,9.0
876,1486368278612,2017-02-06-4-04-38p.m.,11.0
877,1486368278791,2017-02-06-4-04-38p.m.,12.0
878,1486368278973,2017-02-06-4-04-38p.m.,11.0
879,1486368279151,2017-02-06-4-04-39p.m.,9.0
880,1486368279332,2017-02-06-4-04-39p.m.,7.0
881,1486368279513,2017-02-06-4-04-39p.m.,6.0
882,1486368279691,2017-02-06-4-04-39p.m.,4.0
883,1486368279870,2017-02-06-4-04-39p.m.,3.0
884,1486368280051,2017-02-06-4-04-40p.m.,4.0
885,1486368280233,2017-02-06-4-04-40p.m.,5.0
886,1486368280413,2017-02-06-4-04-40p.m.,7.0
887,1486368280592,2017-02-06-4-04-40p.m.,6.0
888,1486368280773,2017-02-06-4-04-40p.m.,7.0
889,1486368280952,2017-02-06-4-04-40p.m.,14.0
890,1486368281132,2017-02-06-4-04-41p.m.,15.0
891,1486368281311,2017-02-06-4-04-41p.m.,6.0
892,1486368281493,2017-02-06-4-04-41p.m.,7.0
893,1486368281673,2017-02-06-4-04-41p.m.,14.0
894,1486368281853,2017-02-06-4-04-41p.m.,16.0
895,1486368282033,2017-02-06-4-04-42p.m.,16.0
896,1486368282213,2017-02-06-4-04-42p.m.,15.0
897,1486368282393,2017-02-06-4-04-42p.m.,13.0
898,1486368282573,2017-02-06-4-04-42p.m.,13.0
899,1486368282753,2017-02-06-4-04-42p.m.,12.0
900,1486368282933,2017-02-06-4-04-42p.m.,12.0
901,1486368283113,2017-02-06-4-04-43p.m.,13.0
902,1486368283293,2017-02-06-4-04-43p.m.,11.0
903,1486368283473,2017-02-06-4-04-43p.m.,11.0
904,1486368283653,2017-02-06-4-04-43p.m.,13.0
905,1486368283833,2017-02-06-4-04-43p.m.,13.0
906,1486368284013,2017-02-06-4-04-44p.m.,14.0
907,1486368284192,2017-02-06-4-04-44p.m.,12.0
908,1486368284373,2017-02-06-4-04-44p.m.,12.0
909,1486368284553,2017-02-06-4-04-44p.m.,11.0
910,1486368284733,2017-02-06-4-04-44p.m.,11.0
911,1486368284912,2017-02-06-4-04-44p.m.,11.0
912,1486368285093,2017-02-06-4-04-45p.m.,11.0
913,1486368285273,2017-02-06-4-04-45p.m.,12.0
914,1486368285453,2017-02-06-4-04-45p.m.,12.0
915,1486368285632,2017-02-06-4-04-45p.m.,12.0
916,1486368285812,2017-02-06-4-04-45p.m.,10.0
917,1486368285993,2017-02-06-4-04-45p.m.,8.0
918,1486368286173,2017-02-06-4-04-46p.m.,8.0
919,1486368286353,2017-02-06-4-04-46p.m.,5.0
920,1486368286532,2017-02-06-4-04-46p.m.,4.0
921,1486368286712,2017-02-06-4-04-46p.m.,4.0
922,1486368286893,2017-02-06-4-04-46p.m.,1.0
923,1486368287073,2017-02-06-4-04-47p.m.,2.0
924,1486368287253,2017-02-06-4-04-47p.m.,3.0
925,1486368287433,2017-02-06-4-04-47p.m.,2.0
926,1486368287612,2017-02-06-4-04-47p.m.,2.0
927,1486368287793,2017-02-06-4-04-47p.m.,3.0
928,1486368287973,2017-02-06-4-04-47p.m.,4.0
929,1486368288152,2017-02-06-4-04-48p.m.,7.0
930,1486368288331,2017-02-06-4-04-48p.m.,4.0
931,1486368288512,2017-02-06-4-04-48p.m.,4.0
932,1486368288692,2017-02-06-4-04-48p.m.,4.0
933,1486368288873,2017-02-06-4-04-48p.m.,5.0
934,1486368289050,2017-02-06-4-04-49p.m.,5.0
935,1486368289231,2017-02-06-4-04-49p.m.,4.0
936,1486368289410,2017-02-06-4-04-49p.m.,4.0
937,1486368289591,2017-02-06-4-04-49p.m.,4.0
938,1486368289770,2017-02-06-4-04-49p.m.,7.0
939,1486368289950,2017-02-06-4-04-49p.m.,25.0
940,1486368290131,2017-02-06-4-04-50p.m.,36.0
941,1486368290312,2017-02-06-4-04-50p.m.,42.0
942,1486368290493,2017-02-06-4-04-50p.m.,10.0
943,1486368290670,2017-02-06-4-04-50p.m.,37.0
944,1486368290852,2017-02-06-4-04-50p.m.,8.0
945,1486368291033,2017-02-06-4-04-51p.m.,12.0
946,1486368291212,2017-02-06-4-04-51p.m.,19.0
947,1486368291393,2017-02-06-4-04-51p.m.,47.0
948,1486368291573,2017-02-06-4-04-51p.m.,49.0
949,1486368291753,2017-02-06-4-04-51p.m.,58.0
950,1486368291933,2017-02-06-4-04-51p.m.,13.0
951,1486368292113,2017-02-06-4-04-52p.m.,5.0
952,1486368292293,2017-02-06-4-04-52p.m.,7.0
953,1486368292473,2017-02-06-4-04-52p.m.,17.0
954,1486368292653,2017-02-06-4-04-52p.m.,12.0
955,1486368292833,2017-02-06-4-04-52p.m.,15.0
956,1486368293013,2017-02-06-4-04-53p.m.,35.0
957,1486368293194,2017-02-06-4-04-53p.m.,60.0
958,1486368293373,2017-02-06-4-04-53p.m.,54.0
959,1486368293553,2017-02-06-4-04-53p.m.,46.0
960,1486368293732,2017-02-06-4-04-53p.m.,46.0
961,1486368293913,2017-02-06-4-04-53p.m.,41.0
962,1486368294093,2017-02-06-4-04-54p.m.,33.0
963,1486368294273,2017-02-06-4-04-54p.m.,24.0
964,1486368294453,2017-02-06-4-04-54p.m.,26.0
965,1486368294633,2017-02-06-4-04-54p.m.,24.0
966,1486368294813,2017-02-06-4-04-54p.m.,23.0
967,1486368294993,2017-02-06-4-04-54p.m.,20.0
968,1486368295173,2017-02-06-4-04-55p.m.,17.0
969,1486368295353,2017-02-06-4-04-55p.m.,17.0
970,1486368295533,2017-02-06-4-04-55p.m.,17.0
971,1486368295713,2017-02-06-4-04-55p.m.,17.0
972,1486368295892,2017-02-06-4-04-55p.m.,17.0
973,1486368296073,2017-02-06-4-04-56p.m.,17.0
974,1486368296253,2017-02-06-4-04-56p.m.,18.0
975,1486368296433,2017-02-06-4-04-56p.m.,19.0
976,1486368296613,2017-02-06-4-04-56p.m.,19.0
977,1486368296793,2017-02-06-4-04-56p.m.,21.0
978,1486368296973,2017-02-06-4-04-56p.m.,19.0
979,1486368297154,2017-02-06-4-04-57p.m.,19.0
980,1486368297334,2017-02-06-4-04-57p.m.,14.0
981,1486368297513,2017-02-06-4-04-57p.m.,14.0
982,1486368297694,2017-02-06-4-04-57p.m.,14.0
983,1486368297872,2017-02-06-4-04-57p.m.,15.0
984,1486368298053,2017-02-06-4-04-58p.m.,15.0
985,1486368298233,2017-02-06-4-04-58p.m.,18.0
986,1486368298413,2017-02-06-4-04-58p.m.,12.0
987,1486368298593,2017-02-06-4-04-58p.m.,10.0
988,1486368298773,2017-02-06-4-04-58p.m.,10.0
989,1486368298953,2017-02-06-4-04-58p.m.,11.0
990,1486368299132,2017-02-06-4-04-59p.m.,18.0
991,1486368299312,2017-02-06-4-04-59p.m.,12.0
992,1486368299492,2017-02-06-4-04-59p.m.,13.0
993,1486368299673,2017-02-06-4-04-59p.m.,22.0
994,1486368299853,2017-02-06-4-04-59p.m.,24.0
995,1486368300034,2017-02-06-4-05-00p.m.,26.0
996,1486368300213,2017-02-06-4-05-00p.m.,24.0
997,1486368300393,2017-02-06-4-05-00p.m.,24.0
998,1486368300573,2017-02-06-4-05-00p.m.,26.0
999,1486368300752,2017-02-06-4-05-00p.m.,39.0
1000,1486368300933,2017-02-06-4-05-00p.m.,45.0
1001,1486368301114,2017-02-06-4-05-01p.m.,64.0
1002,1486368301293,2017-02-06-4-05-01p.m.,80.0
1003,1486368301473,2017-02-06-4-05-01p.m.,75.0
1004,1486368301653,2017-02-06-4-05-01p.m.,60.0
1005,1486368301833,2017-02-06-4-05-01p.m.,59.0
1006,1486368302013,2017-02-06-4-05-02p.m.,59.0
1007,1486368302193,2017-02-06-4-05-02p.m.,87.0
1008,1486368302373,2017-02-06-4-05-02p.m.,81.0
1009,1486368302553,2017-02-06-4-05-02p.m.,89.0
1010,1486368302733,2017-02-06-4-05-02p.m.,88.0
1011,1486368302911,2017-02-06-4-05-02p.m.,86.0
1012,1486368303093,2017-02-06-4-05-03p.m.,82.0
1013,1486368303273,2017-02-06-4-05-03p.m.,89.0
1014,1486368303453,2017-02-06-4-05-03p.m.,89.0
1015,1486368303633,2017-02-06-4-05-03p.m.,82.0
1016,1486368303813,2017-02-06-4-05-03p.m.,69.0
1017,1486368303993,2017-02-06-4-05-03p.m.,66.0
1018,1486368304173,2017-02-06-4-05-04p.m.,92.0
1019,1486368304353,2017-02-06-4-05-04p.m.,105.0
1020,1486368304533,2017-02-06-4-05-04p.m.,86.0
1021,1486368304713,2017-02-06-4-05-04p.m.,91.0
1022,1486368304893,2017-02-06-4-05-04p.m.,92.0
1023,1486368305073,2017-02-06-4-05-05p.m.,70.0
1024,1486368305254,2017-02-06-4-05-05p.m.,68.0
1025,1486368305433,2017-02-06-4-05-05p.m.,78.0
1026,1486368305613,2017-02-06-4-05-05p.m.,79.0
1027,1486368305794,2017-02-06-4-05-05p.m.,91.0
1028,1486368305971,2017-02-06-4-05-05p.m.,86.0
1029,1486368306153,2017-02-06-4-05-06p.m.,97.0
1030,1486368306333,2017-02-06-4-05-06p.m.,109.0
1031,1486368306513,2017-02-06-4-05-06p.m.,108.0
1032,1486368306693,2017-02-06-4-05-06p.m.,108.0
1033,1486368306874,2017-02-06-4-05-06p.m.,107.0
1034,1486368307053,2017-02-06-4-05-07p.m.,106.0
1035,1486368307233,2017-02-06-4-05-07p.m.,103.0
1036,1486368307413,2017-02-06-4-05-07p.m.,103.0
1037,1486368307593,2017-02-06-4-05-07p.m.,103.0
1038,1486368307773,2017-02-06-4-05-07p.m.,104.0
1039,1486368307954,2017-02-06-4-05-07p.m.,102.0
1040,1486368308133,2017-02-06-4-05-08p.m.,102.0
1041,1486368308313,2017-02-06-4-05-08p.m.,103.0
1042,1486368308493,2017-02-06-4-05-08p.m.,106.0
1043,1486368308673,2017-02-06-4-05-08p.m.,108.0
1044,1486368308853,2017-02-06-4-05-08p.m.,110.0
1045,1486368309032,2017-02-06-4-05-09p.m.,110.0
1046,1486368309213,2017-02-06-4-05-09p.m.,111.0
1047,1486368309393,2017-02-06-4-05-09p.m.,105.0
1048,1486368309573,2017-02-06-4-05-09p.m.,114.0
1049,1486368309754,2017-02-06-4-05-09p.m.,105.0
1050,1486368309933,2017-02-06-4-05-09p.m.,112.0
1051,1486368310113,2017-02-06-4-05-10p.m.,118.0
1052,1486368310292,2017-02-06-4-05-10p.m.,117.0
1053,1486368310473,2017-02-06-4-05-10p.m.,120.0
1054,1486368310653,2017-02-06-4-05-10p.m.,120.0
1055,1486368310833,2017-02-06-4-05-10p.m.,120.0
1056,1486368311013,2017-02-06-4-05-11p.m.,118.0
1057,1486368311193,2017-02-06-4-05-11p.m.,122.0
1058,1486368311373,2017-02-06-4-05-11p.m.,113.0
1059,1486368311553,2017-02-06-4-05-11p.m.,74.0
1060,1486368311733,2017-02-06-4-05-11p.m.,26.0
1061,1486368311913,2017-02-06-4-05-11p.m.,40.0
1062,1486368312093,2017-02-06-4-05-12p.m.,108.0
1063,1486368312273,2017-02-06-4-05-12p.m.,144.0
1064,1486368312453,2017-02-06-4-05-12p.m.,137.0
1065,1486368312633,2017-02-06-4-05-12p.m.,115.0
1066,1486368312812,2017-02-06-4-05-12p.m.,91.0
1067,1486368312993,2017-02-06-4-05-12p.m.,82.0
1068,1486368313174,2017-02-06-4-05-13p.m.,106.0
1069,1486368313353,2017-02-06-4-05-13p.m.,133.0
1070,1486368313533,2017-02-06-4-05-13p.m.,144.0
1071,1486368313713,2017-02-06-4-05-13p.m.,129.0
1072,1486368313893,2017-02-06-4-05-13p.m.,115.0
1073,1486368314073,2017-02-06-4-05-14p.m.,66.0
1074,1486368314253,2017-02-06-4-05-14p.m.,47.0
1075,1486368314433,2017-02-06-4-05-14p.m.,36.0
1076,1486368314613,2017-02-06-4-05-14p.m.,36.0
1077,1486368314793,2017-02-06-4-05-14p.m.,40.0
1078,1486368314970,2017-02-06-4-05-14p.m.,47.0
1079,1486368315153,2017-02-06-4-05-15p.m.,50.0
1080,1486368315333,2017-02-06-4-05-15p.m.,57.0
1081,1486368315513,2017-02-06-4-05-15p.m.,33.0
1082,1486368315693,2017-02-06-4-05-15p.m.,28.0
1083,1486368315873,2017-02-06-4-05-15p.m.,30.0
1084,1486368316052,2017-02-06-4-05-16p.m.,35.0
1085,1486368316234,2017-02-06-4-05-16p.m.,42.0
1086,1486368316414,2017-02-06-4-05-16p.m.,58.0
1087,1486368316592,2017-02-06-4-05-16p.m.,76.0
1088,1486368316774,2017-02-06-4-05-16p.m.,99.0
1089,1486368316953,2017-02-06-4-05-16p.m.,102.0
1090,1486368317133,2017-02-06-4-05-17p.m.,95.0
1091,1486368317313,2017-02-06-4-05-17p.m.,102.0
1092,1486368317493,2017-02-06-4-05-17p.m.,98.0
1093,1486368317673,2017-02-06-4-05-17p.m.,80.0
1094,1486368317854,2017-02-06-4-05-17p.m.,104.0
1095,1486368318033,2017-02-06-4-05-18p.m.,99.0
1096,1486368318213,2017-02-06-4-05-18p.m.,92.0
1097,1486368318393,2017-02-06-4-05-18p.m.,102.0
1098,1486368318570,2017-02-06-4-05-18p.m.,105.0
1099,1486368318750,2017-02-06-4-05-18p.m.,92.0
1100,1486368318930,2017-02-06-4-05-18p.m.,101.0
1101,1486368319112,2017-02-06-4-05-19p.m.,100.0
1102,1486368319290,2017-02-06-4-05-19p.m.,96.0
1103,1486368319470,2017-02-06-4-05-19p.m.,98.0
1104,1486368319649,2017-02-06-4-05-19p.m.,94.0
1105,1486368319830,2017-02-06-4-05-19p.m.,97.0
1106,1486368320010,2017-02-06-4-05-20p.m.,108.0
1107,1486368320190,2017-02-06-4-05-20p.m.,110.0
1108,1486368320370,2017-02-06-4-05-20p.m.,100.0
1109,1486368320550,2017-02-06-4-05-20p.m.,109.0
1110,1486368320730,2017-02-06-4-05-20p.m.,118.0
1111,1486368320910,2017-02-06-4-05-20p.m.,107.0
1112,1486368321090,2017-02-06-4-05-21p.m.,100.0
1113,1486368321270,2017-02-06-4-05-21p.m.,91.0
1114,1486368321450,2017-02-06-4-05-21p.m.,97.0
1115,1486368321630,2017-02-06-4-05-21p.m.,101.0
1116,1486368321813,2017-02-06-4-05-21p.m.,103.0
1117,1486368321991,2017-02-06-4-05-21p.m.,102.0
1118,1486368322172,2017-02-06-4-05-22p.m.,103.0
1119,1486368322353,2017-02-06-4-05-22p.m.,103.0
1120,1486368322533,2017-02-06-4-05-22p.m.,103.0
1121,1486368322713,2017-02-06-4-05-22p.m.,112.0
1122,1486368322894,2017-02-06-4-05-22p.m.,110.0
1123,1486368323073,2017-02-06-4-05-23p.m.,109.0
1124,1486368323252,2017-02-06-4-05-23p.m.,99.0
1125,1486368323432,2017-02-06-4-05-23p.m.,88.0
1126,1486368323614,2017-02-06-4-05-23p.m.,86.0
1127,1486368323793,2017-02-06-4-05-23p.m.,85.0
1128,1486368323971,2017-02-06-4-05-23p.m.,82.0
1129,1486368324152,2017-02-06-4-05-24p.m.,89.0
1130,1486368324332,2017-02-06-4-05-24p.m.,92.0
1131,1486368324513,2017-02-06-4-05-24p.m.,83.0
1132,1486368324692,2017-02-06-4-05-24p.m.,80.0
1133,1486368324873,2017-02-06-4-05-24p.m.,85.0
1134,1486368325053,2017-02-06-4-05-25p.m.,89.0
1135,1486368325233,2017-02-06-4-05-25p.m.,86.0
1136,1486368325414,2017-02-06-4-05-25p.m.,81.0
1137,1486368325593,2017-02-06-4-05-25p.m.,81.0
1138,1486368325773,2017-02-06-4-05-25p.m.,83.0
1139,1486368325952,2017-02-06-4-05-25p.m.,86.0
1140,1486368326132,2017-02-06-4-05-26p.m.,93.0
1141,1486368326313,2017-02-06-4-05-26p.m.,105.0
1142,1486368326493,2017-02-06-4-05-26p.m.,108.0
1143,1486368326673,2017-02-06-4-05-26p.m.,105.0
1144,1486368326854,2017-02-06-4-05-26p.m.,103.0
1145,1486368327032,2017-02-06-4-05-27p.m.,101.0
1146,1486368327213,2017-02-06-4-05-27p.m.,103.0
1147,1486368327393,2017-02-06-4-05-27p.m.,98.0
1148,1486368327573,2017-02-06-4-05-27p.m.,86.0
1149,1486368327752,2017-02-06-4-05-27p.m.,90.0
1150,1486368327933,2017-02-06-4-05-27p.m.,98.0
1151,1486368328112,2017-02-06-4-05-28p.m.,98.0
1152,1486368328293,2017-02-06-4-05-28p.m.,98.0
1153,1486368328473,2017-02-06-4-05-28p.m.,97.0
1154,1486368328652,2017-02-06-4-05-28p.m.,104.0
1155,1486368328832,2017-02-06-4-05-28p.m.,74.0
1156,1486368329014,2017-02-06-4-05-29p.m.,15.0
1157,1486368329192,2017-02-06-4-05-29p.m.,10.0
1158,1486368329373,2017-02-06-4-05-29p.m.,28.0
1159,1486368329553,2017-02-06-4-05-29p.m.,16.0
1160,1486368329733,2017-02-06-4-05-29p.m.,4.0
1161,1486368329913,2017-02-06-4-05-29p.m.,0.0
1162,1486368330091,2017-02-06-4-05-30p.m.,0.0
1163,1486368330272,2017-02-06-4-05-30p.m.,0.0
1164,1486368330453,2017-02-06-4-05-30p.m.,0.0
1165,1486368330633,2017-02-06-4-05-30p.m.,138.0
1166,1486368330813,2017-02-06-4-05-30p.m.,36.0
1167,1486368330993,2017-02-06-4-05-30p.m.,51.0
1168,1486368331172,2017-02-06-4-05-31p.m.,55.0
1169,1486368331354,2017-02-06-4-05-31p.m.,40.0
1170,1486368331532,2017-02-06-4-05-31p.m.,48.0
1171,1486368331714,2017-02-06-4-05-31p.m.,22.0
1172,1486368331894,2017-02-06-4-05-31p.m.,27025.0
1173,1486368332070,2017-02-06-4-05-32p.m.,22707.0
1174,1486368332251,2017-02-06-4-05-32p.m.,20354.0
1175,1486368332434,2017-02-06-4-05-32p.m.,11263.0
1176,1486368332612,2017-02-06-4-05-32p.m.,115.0
1177,1486368332791,2017-02-06-4-05-32p.m.,104.0
1178,1486368332977,2017-02-06-4-05-32p.m.,295.0
1179,1486368333155,2017-02-06-4-05-33p.m.,20.0
1180,1486368333334,2017-02-06-4-05-33p.m.,5.0
1181,1486368333515,2017-02-06-4-05-33p.m.,48.0
1182,1486368333695,2017-02-06-4-05-33p.m.,69.0
1183,1486368333874,2017-02-06-4-05-33p.m.,97.0
1184,1486368334055,2017-02-06-4-05-34p.m.,103.0
1185,1486368334238,2017-02-06-4-05-34p.m.,101.0
1186,1486368334413,2017-02-06-4-05-34p.m.,97.0
1187,1486368334593,2017-02-06-4-05-34p.m.,117.0
1188,1486368334775,2017-02-06-4-05-34p.m.,119.0
1189,1486368334954,2017-02-06-4-05-34p.m.,123.0
1190,1486368335135,2017-02-06-4-05-35p.m.,117.0
1191,1486368335313,2017-02-06-4-05-35p.m.,105.0
1192,1486368335493,2017-02-06-4-05-35p.m.,86.0
1193,1486368335673,2017-02-06-4-05-35p.m.,84.0
1194,1486368335853,2017-02-06-4-05-35p.m.,64.0
1195,1486368336034,2017-02-06-4-05-36p.m.,53.0
1196,1486368336215,2017-02-06-4-05-36p.m.,59.0
1197,1486368336393,2017-02-06-4-05-36p.m.,69.0
1198,1486368336575,2017-02-06-4-05-36p.m.,71.0
1199,1486368336755,2017-02-06-4-05-36p.m.,17.0
1200,1486368336933,2017-02-06-4-05-36p.m.,5.0
1201,1486368337113,2017-02-06-4-05-37p.m.,5.0
1202,1486368337293,2017-02-06-4-05-37p.m.,5.0
1203,1486368337473,2017-02-06-4-05-37p.m.,5.0
1204,1486368337654,2017-02-06-4-05-37p.m.,6.0
1205,1486368337833,2017-02-06-4-05-37p.m.,11.0
1206,1486368338013,2017-02-06-4-05-38p.m.,38.0
1207,1486368338194,2017-02-06-4-05-38p.m.,38.0
1208,1486368338377,2017-02-06-4-05-38p.m.,61.0
1209,1486368338555,2017-02-06-4-05-38p.m.,80.0
1210,1486368338735,2017-02-06-4-05-38p.m.,70.0
1211,1486368338915,2017-02-06-4-05-38p.m.,31.0
1212,1486368339095,2017-02-06-4-05-39p.m.,21.0
1213,1486368339276,2017-02-06-4-05-39p.m.,21.0
1214,1486368339456,2017-02-06-4-05-39p.m.,21.0
1215,1486368339635,2017-02-06-4-05-39p.m.,20.0
1216,1486368339815,2017-02-06-4-05-39p.m.,22.0
1217,1486368339995,2017-02-06-4-05-39p.m.,25.0
1218,1486368340175,2017-02-06-4-05-40p.m.,12.0
1219,1486368340356,2017-02-06-4-05-40p.m.,7.0
1220,1486368340536,2017-02-06-4-05-40p.m.,6.0
1221,1486368340717,2017-02-06-4-05-40p.m.,1.0
1222,1486368340895,2017-02-06-4-05-40p.m.,5981.0
1223,1486368341074,2017-02-06-4-05-41p.m.,15074.0
1224,1486368341256,2017-02-06-4-05-41p.m.,13754.0
1225,1486368341435,2017-02-06-4-05-41p.m.,13288.0
1226,1486368341615,2017-02-06-4-05-41p.m.,4.0
1227,1486368341794,2017-02-06-4-05-41p.m.,29.0
1228,1486368341976,2017-02-06-4-05-41p.m.,28.0
1229,1486368342155,2017-02-06-4-05-42p.m.,15.0
1230,1486368342334,2017-02-06-4-05-42p.m.,11.0
1231,1486368342514,2017-02-06-4-05-42p.m.,12.0
1232,1486368342695,2017-02-06-4-05-42p.m.,15.0
1233,1486368342875,2017-02-06-4-05-42p.m.,15.0
1234,1486368343056,2017-02-06-4-05-43p.m.,11.0
1235,1486368343235,2017-02-06-4-05-43p.m.,15.0
1236,1486368343415,2017-02-06-4-05-43p.m.,7144.0
1237,1486368343594,2017-02-06-4-05-43p.m.,9257.0
1238,1486368343776,2017-02-06-4-05-43p.m.,7815.0
1239,1486368343955,2017-02-06-4-05-43p.m.,9119.0
1240,1486368344134,2017-02-06-4-05-44p.m.,9195.0
1241,1486368344315,2017-02-06-4-05-44p.m.,9032.0
1242,1486368344495,2017-02-06-4-05-44p.m.,8444.0
1243,1486368344676,2017-02-06-4-05-44p.m.,8455.0
1244,1486368344854,2017-02-06-4-05-44p.m.,8984.0
1245,1486368345035,2017-02-06-4-05-45p.m.,9876.0
1246,1486368345215,2017-02-06-4-05-45p.m.,8585.0
1247,1486368345394,2017-02-06-4-05-45p.m.,9984.0
1248,1486368345577,2017-02-06-4-05-45p.m.,9868.0
1249,1486368345755,2017-02-06-4-05-45p.m.,10473.0
1250,1486368345937,2017-02-06-4-05-45p.m.,11169.0
1251,1486368346115,2017-02-06-4-05-46p.m.,19.0
1252,1486368346294,2017-02-06-4-05-46p.m.,29.0
1253,1486368346474,2017-02-06-4-05-46p.m.,52.0
1254,1486368346654,2017-02-06-4-05-46p.m.,90.0
1255,1486368346836,2017-02-06-4-05-46p.m.,97.0
1256,1486368347016,2017-02-06-4-05-47p.m.,109.0
1257,1486368347195,2017-02-06-4-05-47p.m.,122.0
1258,1486368347375,2017-02-06-4-05-47p.m.,119.0
1259,1486368347556,2017-02-06-4-05-47p.m.,117.0
1260,1486368347735,2017-02-06-4-05-47p.m.,102.0
1261,1486368347916,2017-02-06-4-05-47p.m.,99.0
1262,1486368348096,2017-02-06-4-05-48p.m.,100.0
1263,1486368348276,2017-02-06-4-05-48p.m.,97.0
1264,1486368348456,2017-02-06-4-05-48p.m.,97.0
1265,1486368348636,2017-02-06-4-05-48p.m.,98.0
1266,1486368348817,2017-02-06-4-05-48p.m.,94.0
1267,1486368348996,2017-02-06-4-05-48p.m.,93.0
